prices,address,beds,zipcode,lat,long,url,baths,sq_feet
254900.0, 15818 N 25th St UNIT 112 Phoenix AZ 85032 ,3,85032,33.62987,-112.028788,https://www.zillow.com/homedetails/15818-N-25th-St-UNIT-112-Phoenix-AZ-85032/71621392_zpid/,3,1275
254900.0, 3848 N 3rd Ave UNIT 1030 Phoenix AZ 85013 ,2,85013,33.493887,-112.08062,https://www.zillow.com/homedetails/3848-N-3rd-Ave-UNIT-1030-Phoenix-AZ-85013/68957035_zpid/,2,989
384900.0, 522 E Marco Polo Rd Phoenix AZ 85024 ,3,85024,33.666465,-112.066867,https://www.zillow.com/homedetails/522-E-Marco-Polo-Rd-Phoenix-AZ-85024/7967927_zpid/,3,1348
533100.0, 16653 S 24th Pl Phoenix AZ 85048 ,4,85048,33.294945,-112.031217,https://www.zillow.com/homedetails/16653-S-24th-Pl-Phoenix-AZ-85048/8257016_zpid/,3,2197
364900.0, 2418 E Chipman Rd Phoenix AZ 85040 ,3,85040,33.402602,-112.029109,https://www.zillow.com/homedetails/2418-E-Chipman-Rd-Phoenix-AZ-85040/7547644_zpid/,2,1338
322100.0, 10411 N 9th St UNIT 1 Phoenix AZ 85020 ,2,85020,33.580618,-112.060193,https://www.zillow.com/homedetails/10411-N-9th-St-UNIT-1-Phoenix-AZ-85020/7788076_zpid/,2,976
354900.0, 1327 W Wahalla Ln Phoenix AZ 85027 ,2,85027,33.667171,-112.088014,https://www.zillow.com/homedetails/1327-W-Wahalla-Ln-Phoenix-AZ-85027/7972007_zpid/,2,1091
243100.0, 2929 W Yorkshire Dr UNIT 1041 Phoenix AZ 85027 ,2,85027,33.66252,-112.122142,https://www.zillow.com/homedetails/2929-W-Yorkshire-Dr-UNIT-1041-Phoenix-AZ-85027/71630374_zpid/,2,1019
474900.0, 13007 N 28th St Phoenix AZ 85032 ,3,85032,33.60464,-112.02163,https://www.zillow.com/homedetails/13007-N-28th-St-Phoenix-AZ-85032/7814645_zpid/,2,1681
254900.0, 15818 N 25th St UNIT 112 Phoenix AZ 85032 ,3,85032,33.62987,-112.028788,https://www.zillow.com/homedetails/15818-N-25th-St-UNIT-112-Phoenix-AZ-85032/71621392_zpid/,3,1275
254900.0, 3848 N 3rd Ave UNIT 1030 Phoenix AZ 85013 ,2,85013,33.493887,-112.08062,https://www.zillow.com/homedetails/3848-N-3rd-Ave-UNIT-1030-Phoenix-AZ-85013/68957035_zpid/,2,989
384900.0, 522 E Marco Polo Rd Phoenix AZ 85024 ,3,85024,33.666465,-112.066867,https://www.zillow.com/homedetails/522-E-Marco-Polo-Rd-Phoenix-AZ-85024/7967927_zpid/,3,1348
533100.0, 16653 S 24th Pl Phoenix AZ 85048 ,4,85048,33.294945,-112.031217,https://www.zillow.com/homedetails/16653-S-24th-Pl-Phoenix-AZ-85048/8257016_zpid/,3,2197
364900.0, 2418 E Chipman Rd Phoenix AZ 85040 ,3,85040,33.402602,-112.029109,https://www.zillow.com/homedetails/2418-E-Chipman-Rd-Phoenix-AZ-85040/7547644_zpid/,2,1338
322100.0, 10411 N 9th St UNIT 1 Phoenix AZ 85020 ,2,85020,33.580618,-112.060193,https://www.zillow.com/homedetails/10411-N-9th-St-UNIT-1-Phoenix-AZ-85020/7788076_zpid/,2,976
354900.0, 1327 W Wahalla Ln Phoenix AZ 85027 ,2,85027,33.667171,-112.088014,https://www.zillow.com/homedetails/1327-W-Wahalla-Ln-Phoenix-AZ-85027/7972007_zpid/,2,1091
243100.0, 2929 W Yorkshire Dr UNIT 1041 Phoenix AZ 85027 ,2,85027,33.66252,-112.122142,https://www.zillow.com/homedetails/2929-W-Yorkshire-Dr-UNIT-1041-Phoenix-AZ-85027/71630374_zpid/,2,1019
474900.0, 13007 N 28th St Phoenix AZ 85032 ,3,85032,33.60464,-112.02163,https://www.zillow.com/homedetails/13007-N-28th-St-Phoenix-AZ-85032/7814645_zpid/,2,1681
565900.0, 2516 E Nancy Ln Phoenix AZ 85042 ,3,85042,33.390439,-112.027214,https://www.zillow.com/homedetails/2516-E-Nancy-Ln-Phoenix-AZ-85042/284864503_zpid/,3,2321
574900.0, 3142 E Altadena Ave Phoenix AZ 85028 ,4,85028,33.59317,-112.013488,https://www.zillow.com/homedetails/3142-E-Altadena-Ave-Phoenix-AZ-85028/7816894_zpid/,2,1964
349900.0, 2402 W Voltaire Ave Phoenix AZ 85029 ,3,85029,33.609608,-112.110627,https://www.zillow.com/homedetails/2402-W-Voltaire-Ave-Phoenix-AZ-85029/7738181_zpid/,2,2106
369900.0, 2725 E Mine Creek Rd UNIT 2042 Phoenix AZ 85024 ,2,85024,33.703669,-112.025598,https://www.zillow.com/homedetails/2725-E-Mine-Creek-Rd-UNIT-2042-Phoenix-AZ-85024/82386896_zpid/,2,1120
517100.0, 16258 S 12th Pl Phoenix AZ 85048 ,3,85048,33.298316,-112.055255,https://www.zillow.com/homedetails/16258-S-12th-Pl-Phoenix-AZ-85048/8130377_zpid/,3,1650
476900.0, 9606 W Highland Ave Phoenix AZ 85037 ,4,85037,33.505293,-112.26647,https://www.zillow.com/homedetails/9606-W-Highland-Ave-Phoenix-AZ-85037/55256225_zpid/,3,2663
389200.0, 100 E Fillmore St UNIT 204 Phoenix AZ 85004 ,2,85004,33.454723,-112.071781,https://www.zillow.com/homedetails/100-E-Fillmore-St-UNIT-204-Phoenix-AZ-85004/7522303_zpid/,2,1100
574900.0, 4631 E Desert Cactus St Phoenix AZ 85032 ,3,85032,33.65135,-111.980412,https://www.zillow.com/homedetails/4631-E-Desert-Cactus-St-Phoenix-AZ-85032/8017455_zpid/,3,2252
398200.0, 1421 E Kristal Way Phoenix AZ 85024 ,3,85024,33.660845,-112.051111,https://www.zillow.com/homedetails/1421-E-Kristal-Way-Phoenix-AZ-85024/7995908_zpid/,2,1136
549000.0, 43414 N 44th Ln New River AZ 85087 ,3,85087,33.878646,-112.155882,https://www.zillow.com/homedetails/43414-N-44th-Ln-New-River-AZ-85087/81970519_zpid/,2,2162
409900.0, 16246 N 45th Dr Glendale AZ 85306 ,3,85306,33.634362,-112.155915,https://www.zillow.com/homedetails/16246-N-45th-Dr-Glendale-AZ-85306/7950636_zpid/,2,1832
430000.0, 1426 E Cortez St Phoenix AZ 85020 ,3,85020,33.591288,-112.050983,https://www.zillow.com/homedetails/1426-E-Cortez-St-Phoenix-AZ-85020/81951031_zpid/,2,1452
580000.0, 5413 W Fallen Leaf Ln Glendale AZ 85310 ,5,85310,33.711521,-112.176931,https://www.zillow.com/homedetails/5413-W-Fallen-Leaf-Ln-Glendale-AZ-85310/7926325_zpid/,3,3233
339900.0, 4109 W Myrtle Ave Phoenix AZ 85051 ,3,85051,33.54186,-112.147682,https://www.zillow.com/homedetails/4109-W-Myrtle-Ave-Phoenix-AZ-85051/7756591_zpid/,2,1199
649900.0, 2912 W Topeka Dr Phoenix AZ 85027 ,4,85027,33.659742,-112.121933,https://www.zillow.com/homedetails/2912-W-Topeka-Dr-Phoenix-AZ-85027/7934804_zpid/,2,2386
395000.0, 3044 W Sierra Vista Dr Phoenix AZ 85017 ,3,85017,33.532217,-112.12533,https://www.zillow.com/homedetails/3044-W-Sierra-Vista-Dr-Phoenix-AZ-85017/7759465_zpid/,2,2098
489900.0, 2316 W Magdalena Ln Phoenix AZ 85041 ,4,85041,33.371266,-112.109989,https://www.zillow.com/homedetails/2316-W-Magdalena-Ln-Phoenix-AZ-85041/95158576_zpid/,3,2522
375000.0, 4905 S 5th Ave Phoenix AZ 85041 ,3,85041,33.401231,-112.078388,https://www.zillow.com/homedetails/4905-S-5th-Ave-Phoenix-AZ-85041/95185532_zpid/,2,1294
390000.0, 5640 S 8th St Phoenix AZ 85040 ,3,85040,33.394387,-112.062592,https://www.zillow.com/homedetails/5640-S-8th-St-Phoenix-AZ-85040/7525190_zpid/,1,1499
70000.0, 6828 W Pierce St #126 Phoenix AZ 85043 ,3,85043,33.455165,-112.208319,https://www.zillow.com/homedetails/6828-W-Pierce-St-126-Phoenix-AZ-85043/2067834233_zpid/,2,1440
589999.0, 16841 S 13th Pl Phoenix AZ 85048 ,4,85048,33.293082,-112.055186,https://www.zillow.com/homedetails/16841-S-13th-Pl-Phoenix-AZ-85048/8135415_zpid/,2,2134
599900.0, 1032 E El Caminito Dr Phoenix AZ 85020 ,3,85020,33.559107,-112.059477,https://www.zillow.com/homedetails/1032-E-El-Caminito-Dr-Phoenix-AZ-85020/95088679_zpid/,3,2044
471000.0, 4029 W Voltaire Ave Phoenix AZ 85029 ,4,85029,33.608028,-112.145761,https://www.zillow.com/homedetails/4029-W-Voltaire-Ave-Phoenix-AZ-85029/7741899_zpid/,2,2008
1300000.0, 4136 E Glenrosa Ave Phoenix AZ 85018 ,4,85018,33.498911,-111.99177,https://www.zillow.com/homedetails/4136-E-Glenrosa-Ave-Phoenix-AZ-85018/7836236_zpid/,3,2410
259900.0, 1545 E Sahuaro Dr APT 2 Phoenix AZ 85020 ,2,85020,33.584255,-112.048272,https://www.zillow.com/homedetails/1545-E-Sahuaro-Dr-APT-2-Phoenix-AZ-85020/7785439_zpid/,2,984
379900.0, 1707 S 104th Dr Tolleson AZ 85353 ,3,85353,33.430818,-112.28336,https://www.zillow.com/homedetails/1707-S-104th-Dr-Tolleson-AZ-85353/240310226_zpid/,2,1660
420000.0, 4506 W Park St Laveen AZ 85339 ,3,85339,33.380685,-112.15592,https://www.zillow.com/homedetails/4506-W-Park-St-Laveen-AZ-85339/67789360_zpid/,2,1620
449900.0, 8109 W Gibson Ln Phoenix AZ 85043 ,5,85043,33.427788,-112.23457,https://www.zillow.com/homedetails/8109-W-Gibson-Ln-Phoenix-AZ-85043/52423794_zpid/,4,2680
135000.0, 2132 W Glenrosa Ave #C80 Phoenix AZ 85015 ,2,85015,33.499287,-112.105923,https://www.zillow.com/homedetails/2132-W-Glenrosa-Ave-C80-Phoenix-AZ-85015/2067512204_zpid/,2,960
460000.0, 3202 E Emile Zola Ave Phoenix AZ 85032 ,3,85032,33.608125,-112.012935,https://www.zillow.com/homedetails/3202-E-Emile-Zola-Ave-Phoenix-AZ-85032/7819743_zpid/,3,1844
324995.0, 18237 N 34th Dr Phoenix AZ 85053 ,3,85053,33.65234,-112.13242,https://www.zillow.com/homedetails/18237-N-34th-Dr-Phoenix-AZ-85053/7941168_zpid/,2,1222
280000.0, 5042 W Cypress St Phoenix AZ 85035 ,3,85035,33.47305,-112.168808,https://www.zillow.com/homedetails/5042-W-Cypress-St-Phoenix-AZ-85035/7494505_zpid/,2,1169
949999.0, 3302 E Flower St Phoenix AZ 85018 ,4,85018,33.486506,-112.010569,https://www.zillow.com/homedetails/3302-E-Flower-St-Phoenix-AZ-85018/7565488_zpid/,5,2968
399000.0, 2 W Michelle Dr Phoenix AZ 85023 ,3,85023,33.649646,-112.074389,https://www.zillow.com/homedetails/2-W-Michelle-Dr-Phoenix-AZ-85023/7956290_zpid/,2,1526
380000.0, 8317 W Gross Ave Tolleson AZ 85353 ,3,85353,33.429293,-112.239637,https://www.zillow.com/homedetails/8317-W-Gross-Ave-Tolleson-AZ-85353/59271313_zpid/,2,1377
1395000.0, 5601 E Sylvia St Scottsdale AZ 85254 ,4,85254,33.598553,-111.960241,https://www.zillow.com/homedetails/5601-E-Sylvia-St-Scottsdale-AZ-85254/7822429_zpid/,3,2916
484999.0, 9311 S 36th Dr Laveen AZ 85339 ,4,85339,33.361603,-112.137678,https://www.zillow.com/homedetails/9311-S-36th-Dr-Laveen-AZ-85339/2075684308_zpid/,2,1800
789000.0, 1801 E Bethany Home Rd Phoenix AZ 85016 ,5,85016,33.523485,-112.042965,https://www.zillow.com/homedetails/1801-E-Bethany-Home-Rd-Phoenix-AZ-85016/7808709_zpid/,3,1948
179900.0, 4554 Paradise Village Pkwy N UNIT 229 Phoenix AZ 85032 ,1,85032,33.605065,-111.982737,https://www.zillow.com/homedetails/4554-Paradise-Village-Pkwy-N-UNIT-229-Phoenix-AZ-85032/67084243_zpid/,1,685
525000.0, 1500 E Wahalla Ln #E12 Phoenix AZ 85024 ,3,85024,33.668185,-112.049152,https://www.zillow.com/homedetails/1500-E-Wahalla-Ln-E12-Phoenix-AZ-85024/2067622346_zpid/,3,1679
355000.0, 7845 W Pipestone Pl Phoenix AZ 85035 ,4,85035,33.472279,-112.22855,https://www.zillow.com/homedetails/7845-W-Pipestone-Pl-Phoenix-AZ-85035/95165362_zpid/,3,1598
449990.0, Grand Plan Sunset Farms ,4,85353,33.423788,-112.289361,https://www.zillow.com/community/sunset-farms/2067491116_zpid/,3,3018
385000.0, 2329 W Keim Dr Phoenix AZ 85015 ,3,85015,33.526716,-112.109593,https://www.zillow.com/homedetails/2329-W-Keim-Dr-Phoenix-AZ-85015/7772672_zpid/,2,1502
209900.0, 17017 N 12th St UNIT 1099 Phoenix AZ 85022 ,2,85022,33.640875,-112.057799,https://www.zillow.com/homedetails/17017-N-12th-St-UNIT-1099-Phoenix-AZ-85022/71630659_zpid/,2,1167
387500.0, 513 E Milada Dr Phoenix AZ 85042 ,3,85042,33.389601,-111.984347,https://www.zillow.com/homedetails/4508-E-Alta-Vista-Rd-Phoenix-AZ-85042/7551090_zpid/,2,2165
376000.0, 4508 E Alta Vista Rd Phoenix AZ 85042 ,4,85008,33.455157,-111.978746,https://www.zillow.com/homedetails/612-N-48th-St-Phoenix-AZ-85008/7560109_zpid/,2,1772
399000.0, 612 N 48th St Phoenix AZ 85008 ,3,85008,33.471389,-112.002288,https://www.zillow.com/homedetails/2202-N-37th-St-Phoenix-AZ-85008/7541872_zpid/,2,1338
360000.0, 2202 N 37th St Phoenix AZ 85008 ,3,85029,33.608306,-112.106107,https://www.zillow.com/homedetails/2150-W-Eugie-Ave-Phoenix-AZ-85029/7749985_zpid/,1,1313
475000.0, 2150 W Eugie Ave Phoenix AZ 85029 ,4,85035,33.466239,-112.195448,https://www.zillow.com/homedetails/1616-N-63rd-Ave-APT-10-Phoenix-AZ-85035/7490791_zpid/,2,1823
125000.0, 1616 N 63rd Ave APT 10 Phoenix AZ 85035 ,1,85023,33.636788,-112.07595,https://www.zillow.com/homedetails/16813-N-1st-Ln-SPACE-6-Phoenix-AZ-85023/2067654817_zpid/,1,528
86000.0, 16813 N 1st Ln SPACE 6 Phoenix AZ 85023 ,3,0,0.0,0.0,0,2,1536
369900.0, 4831 N Limonero Cir Phoenix AZ 85037 ,3,85308,33.649954,-112.157202,https://www.zillow.com/homedetails/18036-N-45th-Ave-Glendale-AZ-85308/7948888_zpid/,2,1416
305000.0, 18036 N 45th Ave Glendale AZ 85308 ,3,85033,33.491504,-112.198481,https://www.zillow.com/homedetails/6444-W-Clarendon-Ave-Phoenix-AZ-85033/7490012_zpid/,2,1256
310000.0, 6444 W Clarendon Ave Phoenix AZ 85033 ,3,85339,33.350507,-112.179405,https://www.zillow.com/homedetails/5531-W-Western-Star-Blvd-Laveen-AZ-85339/325719769_zpid/,2,910
564990.0, 5531 W Western Star Blvd Laveen AZ 85339 ,4,85253,33.581445,-111.96381,https://www.zillow.com/homedetails/5421-E-Cannon-Dr-Paradise-Valley-AZ-85253/7828219_zpid/,4,3009
2295000.0, 5421 E Cannon Dr Paradise Valley AZ 85253 ,5,85009,33.467276,-112.14348,https://www.zillow.com/homedetails/3905-W-Almeria-Rd-Phoenix-AZ-85009/7511744_zpid/,4,4169
350000.0, 3905 W Almeria Rd Phoenix AZ 85009 ,4,85009,33.478617,-112.152694,https://www.zillow.com/homedetails/2652-N-43rd-Ave-11C-Phoenix-AZ-85009/7495152_zpid/,4,3080
120000.0, 2652 N 43rd Ave #11C Phoenix AZ 85009 ,2,85016,33.535508,-112.045646,https://www.zillow.com/homedetails/6733-N-16th-St-UNIT-36-Phoenix-AZ-85016/7807749_zpid/,2,1036
215000.0, 6733 N 16th St UNIT 36 Phoenix AZ 85016 ,2,0,0.0,0.0,0,1,783
299000.0, 4644 N 22nd St UNIT 2077 Phoenix AZ 85016 ,1,85016,33.52935,-112.034245,https://www.zillow.com/homedetails/4644-N-22nd-St-UNIT-2077-Phoenix-AZ-85016/68535752_zpid/,1,1189
433900.0, 9535 W Miami St Tolleson AZ 85353 ,3,85353,33.417216,-112.265382,https://www.zillow.com/homedetails/9535-W-Miami-St-Tolleson-AZ-85353/67772428_zpid/,3,1984
499900.0, 5010 E Paseo Way Phoenix AZ 85044 ,3,85044,33.363588,-111.973217,https://www.zillow.com/homedetails/5010-E-Paseo-Way-Phoenix-AZ-85044/8142899_zpid/,2,1466
420000.0, 1136 E Sunnyslope Ln Phoenix AZ 85020 ,3,85020,33.570677,-112.05776,https://www.zillow.com/homedetails/1136-E-Sunnyslope-Ln-Phoenix-AZ-85020/7787199_zpid/,2,1098
445000.0, 9429 N 9th Ave Phoenix AZ 85021 ,4,85021,33.572348,-112.084392,https://www.zillow.com/homedetails/9429-N-9th-Ave-Phoenix-AZ-85021/7782037_zpid/,2,1662
157500.0, 4242 W Nancy Ln Phoenix AZ 85041 ,3,85041,33.389538,-112.150568,https://www.zillow.com/homedetails/4242-W-Nancy-Ln-Phoenix-AZ-85041/7504527_zpid/,2,1332
492000.0, 815 W Missouri Ave Phoenix AZ 85013 ,3,85013,33.516374,-112.084257,https://www.zillow.com/homedetails/815-W-Missouri-Ave-Phoenix-AZ-85013/7776381_zpid/,2,1291
290000.0, 5146 W Berkeley Rd Phoenix AZ 85035 ,3,85035,33.468426,-112.171041,https://www.zillow.com/homedetails/5146-W-Berkeley-Rd-Phoenix-AZ-85035/7493711_zpid/,1,1052
185000.0, 3434 E Baseline Rd UNIT 258 Phoenix AZ 85042 ,1,85042,33.378463,-112.007352,https://www.zillow.com/homedetails/3434-E-Baseline-Rd-UNIT-258-Phoenix-AZ-85042/81957508_zpid/,1,675
635000.0, 939 E Rose Ln Phoenix AZ 85014 ,3,85014,33.527141,-112.060868,https://www.zillow.com/homedetails/939-E-Rose-Ln-Phoenix-AZ-85014/7798073_zpid/,2,1812
428990.0, Owl Plan Tuscano ,4,85001,33.42161,-112.2294,https://www.zillow.com/community/tuscano/2080727430_zpid/,3,2395
225000.0, 2825 W Madison St Phoenix AZ 85009 ,3,85009,33.446272,-112.120729,https://www.zillow.com/homedetails/2825-W-Madison-St-Phoenix-AZ-85009/7515003_zpid/,1,968
364900.0, 8550 N 32nd Dr Phoenix AZ 85051 ,3,85051,33.561943,-112.130064,https://www.zillow.com/homedetails/8550-N-32nd-Dr-Phoenix-AZ-85051/7752050_zpid/,3,2312
195000.0, 1016 E Osborn Rd UNIT B Phoenix AZ 85014 ,1,85014,33.488054,-112.06101,https://www.zillow.com/homedetails/1016-E-Osborn-Rd-UNIT-B-Phoenix-AZ-85014/7535279_zpid/,1,595
646000.0, 337 W Lewis Ave Phoenix AZ 85003 ,2,85003,33.474656,-112.079902,https://www.zillow.com/homedetails/337-W-Lewis-Ave-Phoenix-AZ-85003/7536870_zpid/,1,1417
439000.0, 5124 W T Ryan Ln Laveen AZ 85339 ,4,85339,33.389875,-112.169732,https://www.zillow.com/homedetails/5124-W-T-Ryan-Ln-Laveen-AZ-85339/71612302_zpid/,2,1984
129900.0, 3526 W Dunlap Ave #157 Phoenix AZ 85051 ,2,85051,33.569129,-112.136229,https://www.zillow.com/homedetails/3526-W-Dunlap-Ave-157-Phoenix-AZ-85051/59270952_zpid/,2,1108
650000.0, 6636 N 10th Ave Phoenix AZ 85013 ,3,85013,33.534207,-112.086573,https://www.zillow.com/homedetails/6636-N-10th-Ave-Phoenix-AZ-85013/7774899_zpid/,2,1778
359000.0, 1629 W Grovers Ave Phoenix AZ 85023 ,3,85023,33.647189,-112.09479,https://www.zillow.com/homedetails/1629-W-Grovers-Ave-Phoenix-AZ-85023/7958455_zpid/,2,1342
165900.0, 10411 N 11th Ave APT 25 Phoenix AZ 85021 ,2,85021,33.58052,-112.086683,https://www.zillow.com/homedetails/10411-N-11th-Ave-APT-25-Phoenix-AZ-85021/7781584_zpid/,2,1056
799000.0, 2115 E Vista Bonita Dr Phoenix AZ 85024 ,5,85024,33.696648,-112.038166,https://www.zillow.com/homedetails/2115-E-Vista-Bonita-Dr-Phoenix-AZ-85024/7990534_zpid/,4,4028
790000.0, 7210 N 17th Ave Phoenix AZ 85021 ,5,85021,33.54269,-112.095653,https://www.zillow.com/homedetails/7210-N-17th-Ave-Phoenix-AZ-85021/7778108_zpid/,3,2519
370000.0, 5234 W Encanto Blvd Phoenix AZ 85035 ,4,85035,33.473447,-112.173193,https://www.zillow.com/homedetails/5234-W-Encanto-Blvd-Phoenix-AZ-85035/7493272_zpid/,2,1843
280000.0, 19601 N 7th St UNIT 1058 Phoenix AZ 85024 ,3,85024,33.665305,-112.065325,https://www.zillow.com/homedetails/19601-N-7th-St-UNIT-1058-Phoenix-AZ-85024/2067627732_zpid/,2,1184
360000.0, 5335 E Shea Blvd APT 1064 Scottsdale AZ 85254 ,2,85254,33.582363,-111.966427,https://www.zillow.com/homedetails/5335-E-Shea-Blvd-APT-1064-Scottsdale-AZ-85254/68536014_zpid/,2,1056
659900.0, 16035 N 48th Way Scottsdale AZ 85254 ,3,85254,33.633163,-111.976036,https://www.zillow.com/homedetails/16035-N-48th-Way-Scottsdale-AZ-85254/8021126_zpid/,2,1647
484900.0, 6638 N Chatelaine Pl Phoenix AZ 85014 ,2,85014,33.533911,-112.062686,https://www.zillow.com/homedetails/6638-N-Chatelaine-Pl-Phoenix-AZ-85014/7796424_zpid/,2,1596
550000.0, 3414 E Sequoia Dr Phoenix AZ 85050 ,4,85050,33.663395,-112.008659,https://www.zillow.com/homedetails/3414-E-Sequoia-Dr-Phoenix-AZ-85050/7992435_zpid/,3,2014
388990.0, Palo Verde Plan Prior Ridge ,4,85339,33.35179,-112.1697,https://www.zillow.com/community/prior-ridge/2079148377_zpid/,2,1696
349999.0, 7027 S 43rd Pl Phoenix AZ 85042 ,2,85042,33.382619,-111.98845,https://www.zillow.com/homedetails/7027-S-43rd-Pl-Phoenix-AZ-85042/7552089_zpid/,2,924
274800.0, 7320 W Cypress St Phoenix AZ 85035 ,2,85035,33.472439,-112.21743,https://www.zillow.com/homedetails/7320-W-Cypress-St-Phoenix-AZ-85035/7475066_zpid/,1,840
379800.0, 4101 W Sweetwater Ave Phoenix AZ 85029 ,3,85029,33.60332,-112.147662,https://www.zillow.com/homedetails/4101-W-Sweetwater-Ave-Phoenix-AZ-85029/7742305_zpid/,2,1468
1250000.0, 2016 E State Ave Phoenix AZ 85020 ,5,85020,33.544296,-112.038,https://www.zillow.com/homedetails/2016-E-State-Ave-Phoenix-AZ-85020/7807270_zpid/,3,3433
409900.0, 637 N 47th Pl Phoenix AZ 85008 ,3,85008,33.456059,-111.979129,https://www.zillow.com/homedetails/637-N-47th-Pl-Phoenix-AZ-85008/7560115_zpid/,2,1215
439900.0, 10307 W Montebello Ave Glendale AZ 85307 ,3,85307,33.518392,-112.28161,https://www.zillow.com/homedetails/10307-W-Montebello-Ave-Glendale-AZ-85307/7488636_zpid/,2,1876
790000.0, 13401 N 50th St Scottsdale AZ 85254 ,4,85254,33.607897,-111.973276,https://www.zillow.com/homedetails/13401-N-50th-St-Scottsdale-AZ-85254/7821689_zpid/,2,2017
239999.0, 4211 E Palm Ln UNIT 207 Phoenix AZ 85008 ,2,85008,33.469137,-111.990533,https://www.zillow.com/homedetails/4211-E-Palm-Ln-UNIT-207-Phoenix-AZ-85008/7560843_zpid/,2,900
580000.0, 132 E Sharon Ave Phoenix AZ 85022 ,4,85022,33.611061,-112.07222,https://www.zillow.com/homedetails/132-E-Sharon-Ave-Phoenix-AZ-85022/7783502_zpid/,2,2383
605000.0, 2912 E Shady Spring Trl Phoenix AZ 85024 ,4,85024,33.711601,-112.020217,https://www.zillow.com/homedetails/2912-E-Shady-Spring-Trl-Phoenix-AZ-85024/82826565_zpid/,2,2038
436000.0, 3615 E Friess Dr Phoenix AZ 85032 ,3,85032,33.614475,-112.003551,https://www.zillow.com/homedetails/3615-E-Friess-Dr-Phoenix-AZ-85032/8012394_zpid/,2,1396
341000.0, 1632 E Adams St Phoenix AZ 85034 ,3,85034,33.449725,-112.046213,https://www.zillow.com/homedetails/1632-E-Adams-St-Phoenix-AZ-85034/7527741_zpid/,1,1035
402990.0, Legacy Plan Alara ,3,85339,33.377,-112.1557,https://www.zillow.com/community/alara/2077436562_zpid/,2,2135
799900.0, 2406 W Sienna Bouquet Pl Phoenix AZ 85085 ,8,85085,33.782603,-112.11136,https://www.zillow.com/homedetails/2406-W-Sienna-Bouquet-Pl-Phoenix-AZ-85085/67765540_zpid/,4,4242
649900.0, 3845 E Windsong Dr Phoenix AZ 85048 ,5,85048,33.294378,-111.998583,https://www.zillow.com/homedetails/3845-E-Windsong-Dr-Phoenix-AZ-85048/8163343_zpid/,3,2815
486000.0, 3441 E Windsong Dr Phoenix AZ 85048 ,3,85048,33.293401,-112.009076,https://www.zillow.com/homedetails/3441-E-Windsong-Dr-Phoenix-AZ-85048/8255852_zpid/,2,1616
354000.0, 12221 N 33rd Dr Phoenix AZ 85029 ,3,85029,33.597217,-112.130268,https://www.zillow.com/homedetails/12221-N-33rd-Dr-Phoenix-AZ-85029/7747859_zpid/,2,1148
378990.0, Dove Plan Alara ,3,85339,33.377,-112.1557,https://www.zillow.com/community/alara/2077436569_zpid/,2,1611
414000.0, 1826 W Minton St Phoenix AZ 85041 ,3,85041,33.381214,-112.097763,https://www.zillow.com/homedetails/1826-W-Minton-St-Phoenix-AZ-85041/121860394_zpid/,3,2288
645000.0, 6406 W Hackamore Dr Phoenix AZ 85083 ,4,85083,33.714087,-112.197859,https://www.zillow.com/homedetails/6406-W-Hackamore-Dr-Phoenix-AZ-85083/7925717_zpid/,3,3101
869900.0, 1826 E South Fork Dr Phoenix AZ 85048 ,4,85048,33.305867,-112.043889,https://www.zillow.com/homedetails/1826-E-South-Fork-Dr-Phoenix-AZ-85048/8159807_zpid/,3,3263
349900.0, 4650 N 75th Ln Phoenix AZ 85033 ,3,85033,33.504987,-112.22215,https://www.zillow.com/homedetails/4650-N-75th-Ln-Phoenix-AZ-85033/7468126_zpid/,2,1949
417500.0, 7234 S 39th Dr Phoenix AZ 85041 ,3,85041,33.38065,-112.143215,https://www.zillow.com/homedetails/7234-S-39th-Dr-Phoenix-AZ-85041/55213422_zpid/,3,2093
440000.0, 2020 W Hasan Dr Phoenix AZ 85041 ,4,85041,33.391222,-112.10246,https://www.zillow.com/homedetails/2020-W-Hasan-Dr-Phoenix-AZ-85041/63179338_zpid/,2,2051
431000.0, 513 E Utopia Rd Phoenix AZ 85024 ,3,85024,33.661846,-112.067221,https://www.zillow.com/homedetails/513-E-Utopia-Rd-Phoenix-AZ-85024/7972465_zpid/,3,1585
699000.0, 4510 W Summerside Rd Laveen AZ 85339 ,4,85339,33.356797,-112.156864,https://www.zillow.com/homedetails/4510-W-Summerside-Rd-Laveen-AZ-85339/67771820_zpid/,4,3087
455000.0, 2606 W Nancy Ln Phoenix AZ 85041 ,4,85041,33.390653,-112.114773,https://www.zillow.com/homedetails/2606-W-Nancy-Ln-Phoenix-AZ-85041/67774086_zpid/,3,2284
384900.0, 2745 W Charleston Ave Phoenix AZ 85053 ,3,85053,33.648782,-112.119134,https://www.zillow.com/homedetails/2745-W-Charleston-Ave-Phoenix-AZ-85053/7940912_zpid/,2,1343
647000.0, 2636 W Lodge Dr Phoenix AZ 85041 ,5,85041,33.354304,-112.117046,https://www.zillow.com/homedetails/2636-W-Lodge-Dr-Phoenix-AZ-85041/62733013_zpid/,4,3246
449500.0, 6603 W West Wind Dr Glendale AZ 85310 ,3,85310,33.709518,-112.201633,https://www.zillow.com/homedetails/6603-W-West-Wind-Dr-Glendale-AZ-85310/7926989_zpid/,2,1441
299900.0, 3442 W Paradise Dr Phoenix AZ 85029 ,3,85029,33.595068,-112.133657,https://www.zillow.com/homedetails/3442-W-Paradise-Dr-Phoenix-AZ-85029/7748587_zpid/,2,1462
313000.0, 3634 W Lewis Ave Phoenix AZ 85009 ,3,85009,33.475035,-112.138068,https://www.zillow.com/homedetails/3634-W-Lewis-Ave-Phoenix-AZ-85009/7510611_zpid/,1,960
475000.0, 18814 N 16th Pl Phoenix AZ 85024 ,4,85024,33.657148,-112.048043,https://www.zillow.com/homedetails/18814-N-16th-Pl-Phoenix-AZ-85024/60039597_zpid/,2,1521
338999.0, 2325 N 30th St Phoenix AZ 85008 ,3,85008,33.474117,-112.016938,https://www.zillow.com/homedetails/2325-N-30th-St-Phoenix-AZ-85008/7542683_zpid/,1,1268
314999.0, 2602 E Kelton Ln Phoenix AZ 85032 ,3,85032,33.637886,-112.02628,https://www.zillow.com/homedetails/2602-E-Kelton-Ln-Phoenix-AZ-85032/8005496_zpid/,2,1500
357000.0, 3937 W Ocotillo Rd Phoenix AZ 85019 ,3,85019,33.534619,-112.144555,https://www.zillow.com/homedetails/3937-W-Ocotillo-Rd-Phoenix-AZ-85019/7762425_zpid/,2,1276
390990.0, Pelican Plan Prior Ridge ,3,85339,33.35179,-112.1697,https://www.zillow.com/community/prior-ridge/2079148384_zpid/,2,1881
135000.0, 7126 N 19th Ave UNIT 187 Phoenix AZ 85021 ,1,85021,33.542099,-112.10176,https://www.zillow.com/homedetails/7126-N-19th-Ave-UNIT-187-Phoenix-AZ-85021/7778258_zpid/,2,836
369900.0, 5650 N 19th Ave Phoenix AZ 85015 ,4,85015,33.520384,-112.100162,https://www.zillow.com/homedetails/5650-N-19th-Ave-Phoenix-AZ-85015/2071109084_zpid/,2,1640
687500.0, Piedmont Plan 1 Plan Piedmont at Avance ,4,85042,33.361539,-112.061244,https://www.zillow.com/community/piedmont-at-avance/2069063827_zpid/,4,3142
401990.0, McCormick Plan Alara ,3,85339,33.377,-112.1557,https://www.zillow.com/community/alara/2077436567_zpid/,3,2052
370000.0, 4101 N 71st Ln Phoenix AZ 85033 ,4,85033,33.494951,-112.212861,https://www.zillow.com/homedetails/4101-N-71st-Ln-Phoenix-AZ-85033/7711633_zpid/,2,1724
410000.0, 1001 W Villa Rita Dr Phoenix AZ 85023 ,3,85023,33.650094,-112.086129,https://www.zillow.com/homedetails/1001-W-Villa-Rita-Dr-Phoenix-AZ-85023/7956627_zpid/,2,1699
1974990.0, 4917 E Indianola Ave Phoenix AZ 85018 ,5,85018,33.491097,-111.975085,https://www.zillow.com/homedetails/4917-E-Indianola-Ave-Phoenix-AZ-85018/7565860_zpid/,6,3771
398000.0, 7708 S 68th Dr Laveen AZ 85339 ,3,85339,33.376055,-112.205583,https://www.zillow.com/homedetails/7708-S-68th-Dr-Laveen-AZ-85339/67782623_zpid/,2,1393
779000.0, 2837 W Union Hills Dr Phoenix AZ 85027 ,5,85027,33.654125,-112.120508,https://www.zillow.com/homedetails/2837-W-Union-Hills-Dr-Phoenix-AZ-85027/7940517_zpid/,4,3175
150000.0, 1110 W Estes Way Phoenix AZ 85041 ,2,85041,33.361229,-112.088954,https://www.zillow.com/homedetails/1110-W-Estes-Way-Phoenix-AZ-85041/8132454_zpid/,1,745
839000.0, 6746 E Gelding Dr Scottsdale AZ 85254 ,5,85254,33.617395,-111.936409,https://www.zillow.com/homedetails/6746-E-Gelding-Dr-Scottsdale-AZ-85254/8025902_zpid/,3,2770
325000.0, 3720 W Berridge Ln Phoenix AZ 85019 ,4,85019,33.525672,-112.139466,https://www.zillow.com/homedetails/3720-W-Berridge-Ln-Phoenix-AZ-85019/7758984_zpid/,2,1713
380000.0, 4227 N 64th Dr Phoenix AZ 85033 ,3,85033,33.498297,-112.197605,https://www.zillow.com/homedetails/4227-N-64th-Dr-Phoenix-AZ-85033/7717398_zpid/,2,1968
554500.0, 4407 W Powell Dr New River AZ 85087 ,5,85087,33.872291,-112.15445,https://www.zillow.com/homedetails/4407-W-Powell-Dr-New-River-AZ-85087/71601927_zpid/,3,2800
649900.0, 16234 S 14th Dr Phoenix AZ 85045 ,4,85045,33.2984,-112.089624,https://www.zillow.com/homedetails/16234-S-14th-Dr-Phoenix-AZ-85045/8134240_zpid/,2,2254
465000.0, 13020 N 34th Ave Phoenix AZ 85029 ,4,85029,33.604483,-112.13203,https://www.zillow.com/homedetails/13020-N-34th-Ave-Phoenix-AZ-85029/7741251_zpid/,2,2116
670000.0, 35906 N 30th Ave Phoenix AZ 85086 ,5,85086,33.810662,-112.124317,https://www.zillow.com/homedetails/35906-N-30th-Ave-Phoenix-AZ-85086/55264739_zpid/,4,3533
466000.0, 2814 E Dahlia Dr Phoenix AZ 85032 ,3,85032,33.603651,-112.021111,https://www.zillow.com/homedetails/2814-E-Dahlia-Dr-Phoenix-AZ-85032/7815124_zpid/,2,1490
220000.0, 357 E Thomas Rd UNIT A209 Phoenix AZ 85012 ,3,85012,33.479975,-112.067622,https://www.zillow.com/homedetails/357-E-Thomas-Rd-UNIT-A209-Phoenix-AZ-85012/7536306_zpid/,1,754
765000.0, 2820 E Cinnabar Ave Phoenix AZ 85028 ,3,85028,33.577295,-112.020288,https://www.zillow.com/homedetails/2820-E-Cinnabar-Ave-Phoenix-AZ-85028/7813449_zpid/,3,2450
437750.0, 1407 E Charleston Ave Phoenix AZ 85022 ,4,85022,33.648687,-112.052201,https://www.zillow.com/homedetails/1407-E-Charleston-Ave-Phoenix-AZ-85022/8001908_zpid/,3,2077
469000.0, 4627 E Paso Trl Phoenix AZ 85050 ,2,85050,33.721474,-111.979351,https://www.zillow.com/homedetails/4627-E-Paso-Trl-Phoenix-AZ-85050/7983689_zpid/,2,1636
405000.0, 6418 W Magnolia St Phoenix AZ 85043 ,4,85043,33.425185,-112.198742,https://www.zillow.com/homedetails/6418-W-Magnolia-St-Phoenix-AZ-85043/54859870_zpid/,2,1589
425000.0, 6604 W Watkins St Phoenix AZ 85043 ,4,85043,33.426574,-112.201771,https://www.zillow.com/homedetails/6604-W-Watkins-St-Phoenix-AZ-85043/62727363_zpid/,3,2059
375000.0, 1450 W Taro Ln Phoenix AZ 85027 ,3,85027,33.658904,-112.091248,https://www.zillow.com/homedetails/1450-W-Taro-Ln-Phoenix-AZ-85027/2068066099_zpid/,2,1519
362900.0, 5550 N 10th St Phoenix AZ 85014 ,2,85014,33.517792,-112.061064,https://www.zillow.com/homedetails/5550-N-10th-St-Phoenix-AZ-85014/7800097_zpid/,1,1232
788990.0, Stork Plan Arabella ,5,85254,33.64302,-111.9744,https://www.zillow.com/community/arabella/2072047371_zpid/,3,2851
455500.0, 3613 E Palm Ln Phoenix AZ 85008 ,4,85008,33.468671,-112.003505,https://www.zillow.com/homedetails/3613-E-Palm-Ln-Phoenix-AZ-85008/7541777_zpid/,2,1381
685000.0, 16607 S 27th Ave Phoenix AZ 85045 ,4,85045,33.295323,-112.117706,https://www.zillow.com/homedetails/16607-S-27th-Ave-Phoenix-AZ-85045/67762484_zpid/,3,3126
547990.0, Bluebird Plan Copperhead ,4,85085,33.7388,-112.1013,https://www.zillow.com/community/copperhead/2082370013_zpid/,3,2024
575000.0, 4630 W Aire Libre Ave Glendale AZ 85306 ,4,85306,33.637991,-112.156736,https://www.zillow.com/homedetails/4630-W-Aire-Libre-Ave-Glendale-AZ-85306/7950824_zpid/,2,2389
700000.0, 8122 N 33rd Ave Phoenix AZ 85051 ,9,85051,33.555538,-112.129885,https://www.zillow.com/homedetails/8122-N-33rd-Ave-Phoenix-AZ-85051/7752034_zpid/,3,2001
379990.0, Goose Plan Tuscano ,4,85043,33.42161,-112.2294,https://www.zillow.com/community/tuscano/2080727431_zpid/,2,1672
225000.0, 1720 N Whittier Dr Phoenix AZ 85006 ,2,85006,33.467149,-112.046968,https://www.zillow.com/homedetails/1720-N-Whittier-Dr-Phoenix-AZ-85006/7532159_zpid/,1,1154
499000.0, 1715 W Rovey Ave Phoenix AZ 85015 ,3,85015,33.524738,-112.096082,https://www.zillow.com/homedetails/1715-W-Rovey-Ave-Phoenix-AZ-85015/7774316_zpid/,2,1302
421000.0, 19408 N 3rd Ave Phoenix AZ 85027 ,3,85027,33.662327,-112.078325,https://www.zillow.com/homedetails/19408-N-3rd-Ave-Phoenix-AZ-85027/7972084_zpid/,2,1296
415000.0, 3115 W Gelding Dr Phoenix AZ 85053 ,3,85053,33.615807,-112.125892,https://www.zillow.com/homedetails/3115-W-Gelding-Dr-Phoenix-AZ-85053/7943254_zpid/,2,1380
595000.0, 3650 E Poinsettia Dr Phoenix AZ 85028 ,3,85028,33.594773,-112.002194,https://www.zillow.com/homedetails/3650-E-Poinsettia-Dr-Phoenix-AZ-85028/7819702_zpid/,2,2035
453000.0, 24607 N 38th Ln Glendale AZ 85310 ,3,85310,33.710033,-112.14205,https://www.zillow.com/homedetails/24607-N-38th-Ln-Glendale-AZ-85310/7932041_zpid/,2,1313
985000.0, 2244 E Belmont Ave Phoenix AZ 85020 ,3,85020,33.549616,-112.030549,https://www.zillow.com/homedetails/2244-E-Belmont-Ave-Phoenix-AZ-85020/7806216_zpid/,2,2105
1685000.0, 110 E Northview Ave Phoenix AZ 85020 ,6,85020,33.543491,-112.071983,https://www.zillow.com/homedetails/110-E-Northview-Ave-Phoenix-AZ-85020/7792629_zpid/,5,4585
490990.0, Celebration Plan Acacia Place ,4,85050,33.663023,-112.023059,https://www.zillow.com/community/acacia-place/2070200451_zpid/,2,1565
254900.0, 15818 N 25th St UNIT 112 Phoenix AZ 85032 ,3,85032,33.62987,-112.028788,https://www.zillow.com/homedetails/15818-N-25th-St-UNIT-112-Phoenix-AZ-85032/71621392_zpid/,3,1275
254900.0, 3848 N 3rd Ave UNIT 1030 Phoenix AZ 85013 ,2,85013,33.493887,-112.08062,https://www.zillow.com/homedetails/3848-N-3rd-Ave-UNIT-1030-Phoenix-AZ-85013/68957035_zpid/,2,989
384900.0, 522 E Marco Polo Rd Phoenix AZ 85024 ,3,85024,33.666465,-112.066867,https://www.zillow.com/homedetails/522-E-Marco-Polo-Rd-Phoenix-AZ-85024/7967927_zpid/,3,1348
533100.0, 16653 S 24th Pl Phoenix AZ 85048 ,4,85048,33.294945,-112.031217,https://www.zillow.com/homedetails/16653-S-24th-Pl-Phoenix-AZ-85048/8257016_zpid/,3,2197
364900.0, 2418 E Chipman Rd Phoenix AZ 85040 ,3,85040,33.402602,-112.029109,https://www.zillow.com/homedetails/2418-E-Chipman-Rd-Phoenix-AZ-85040/7547644_zpid/,2,1338
322100.0, 10411 N 9th St UNIT 1 Phoenix AZ 85020 ,2,85020,33.580618,-112.060193,https://www.zillow.com/homedetails/10411-N-9th-St-UNIT-1-Phoenix-AZ-85020/7788076_zpid/,2,976
354900.0, 1327 W Wahalla Ln Phoenix AZ 85027 ,2,85027,33.667171,-112.088014,https://www.zillow.com/homedetails/1327-W-Wahalla-Ln-Phoenix-AZ-85027/7972007_zpid/,2,1091
243100.0, 2929 W Yorkshire Dr UNIT 1041 Phoenix AZ 85027 ,2,85027,33.66252,-112.122142,https://www.zillow.com/homedetails/2929-W-Yorkshire-Dr-UNIT-1041-Phoenix-AZ-85027/71630374_zpid/,2,1019
474900.0, 13007 N 28th St Phoenix AZ 85032 ,3,85032,33.60464,-112.02163,https://www.zillow.com/homedetails/13007-N-28th-St-Phoenix-AZ-85032/7814645_zpid/,2,1681
254900.0, 15818 N 25th St UNIT 112 Phoenix AZ 85032 ,3,85032,33.62987,-112.028788,https://www.zillow.com/homedetails/15818-N-25th-St-UNIT-112-Phoenix-AZ-85032/71621392_zpid/,3,1275
254900.0, 3848 N 3rd Ave UNIT 1030 Phoenix AZ 85013 ,2,85013,33.493887,-112.08062,https://www.zillow.com/homedetails/3848-N-3rd-Ave-UNIT-1030-Phoenix-AZ-85013/68957035_zpid/,2,989
384900.0, 522 E Marco Polo Rd Phoenix AZ 85024 ,3,85024,33.666465,-112.066867,https://www.zillow.com/homedetails/522-E-Marco-Polo-Rd-Phoenix-AZ-85024/7967927_zpid/,3,1348
533100.0, 16653 S 24th Pl Phoenix AZ 85048 ,4,85048,33.294945,-112.031217,https://www.zillow.com/homedetails/16653-S-24th-Pl-Phoenix-AZ-85048/8257016_zpid/,3,2197
364900.0, 2418 E Chipman Rd Phoenix AZ 85040 ,3,85040,33.402602,-112.029109,https://www.zillow.com/homedetails/2418-E-Chipman-Rd-Phoenix-AZ-85040/7547644_zpid/,2,1338
322100.0, 10411 N 9th St UNIT 1 Phoenix AZ 85020 ,2,85020,33.580618,-112.060193,https://www.zillow.com/homedetails/10411-N-9th-St-UNIT-1-Phoenix-AZ-85020/7788076_zpid/,2,976
354900.0, 1327 W Wahalla Ln Phoenix AZ 85027 ,2,85027,33.667171,-112.088014,https://www.zillow.com/homedetails/1327-W-Wahalla-Ln-Phoenix-AZ-85027/7972007_zpid/,2,1091
243100.0, 2929 W Yorkshire Dr UNIT 1041 Phoenix AZ 85027 ,2,85027,33.66252,-112.122142,https://www.zillow.com/homedetails/2929-W-Yorkshire-Dr-UNIT-1041-Phoenix-AZ-85027/71630374_zpid/,2,1019
474900.0, 13007 N 28th St Phoenix AZ 85032 ,3,85032,33.60464,-112.02163,https://www.zillow.com/homedetails/13007-N-28th-St-Phoenix-AZ-85032/7814645_zpid/,2,1681
254900.0, 15818 N 25th St UNIT 112 Phoenix AZ 85032 ,3,85032,33.62987,-112.028788,https://www.zillow.com/homedetails/15818-N-25th-St-UNIT-112-Phoenix-AZ-85032/71621392_zpid/,3,1275
254900.0, 3848 N 3rd Ave UNIT 1030 Phoenix AZ 85013 ,2,85013,33.493887,-112.08062,https://www.zillow.com/homedetails/3848-N-3rd-Ave-UNIT-1030-Phoenix-AZ-85013/68957035_zpid/,2,989
384900.0, 522 E Marco Polo Rd Phoenix AZ 85024 ,3,85024,33.666465,-112.066867,https://www.zillow.com/homedetails/522-E-Marco-Polo-Rd-Phoenix-AZ-85024/7967927_zpid/,3,1348
533100.0, 16653 S 24th Pl Phoenix AZ 85048 ,4,85048,33.294945,-112.031217,https://www.zillow.com/homedetails/16653-S-24th-Pl-Phoenix-AZ-85048/8257016_zpid/,3,2197
364900.0, 2418 E Chipman Rd Phoenix AZ 85040 ,3,85040,33.402602,-112.029109,https://www.zillow.com/homedetails/2418-E-Chipman-Rd-Phoenix-AZ-85040/7547644_zpid/,2,1338
322100.0, 10411 N 9th St UNIT 1 Phoenix AZ 85020 ,2,85020,33.580618,-112.060193,https://www.zillow.com/homedetails/10411-N-9th-St-UNIT-1-Phoenix-AZ-85020/7788076_zpid/,2,976
354900.0, 1327 W Wahalla Ln Phoenix AZ 85027 ,2,85027,33.667171,-112.088014,https://www.zillow.com/homedetails/1327-W-Wahalla-Ln-Phoenix-AZ-85027/7972007_zpid/,2,1091
243100.0, 2929 W Yorkshire Dr UNIT 1041 Phoenix AZ 85027 ,2,85027,33.66252,-112.122142,https://www.zillow.com/homedetails/2929-W-Yorkshire-Dr-UNIT-1041-Phoenix-AZ-85027/71630374_zpid/,2,1019
474900.0, 13007 N 28th St Phoenix AZ 85032 ,3,85032,33.60464,-112.02163,https://www.zillow.com/homedetails/13007-N-28th-St-Phoenix-AZ-85032/7814645_zpid/,2,1681
254900.0, 15818 N 25th St UNIT 112 Phoenix AZ 85032 ,3,85032,33.62987,-112.028788,https://www.zillow.com/homedetails/15818-N-25th-St-UNIT-112-Phoenix-AZ-85032/71621392_zpid/,3,1275
254900.0, 3848 N 3rd Ave UNIT 1030 Phoenix AZ 85013 ,2,85013,33.493887,-112.08062,https://www.zillow.com/homedetails/3848-N-3rd-Ave-UNIT-1030-Phoenix-AZ-85013/68957035_zpid/,2,989
384900.0, 522 E Marco Polo Rd Phoenix AZ 85024 ,3,85024,33.666465,-112.066867,https://www.zillow.com/homedetails/522-E-Marco-Polo-Rd-Phoenix-AZ-85024/7967927_zpid/,3,1348
533100.0, 16653 S 24th Pl Phoenix AZ 85048 ,4,85048,33.294945,-112.031217,https://www.zillow.com/homedetails/16653-S-24th-Pl-Phoenix-AZ-85048/8257016_zpid/,3,2197
364900.0, 2418 E Chipman Rd Phoenix AZ 85040 ,3,85040,33.402602,-112.029109,https://www.zillow.com/homedetails/2418-E-Chipman-Rd-Phoenix-AZ-85040/7547644_zpid/,2,1338
322100.0, 10411 N 9th St UNIT 1 Phoenix AZ 85020 ,2,85020,33.580618,-112.060193,https://www.zillow.com/homedetails/10411-N-9th-St-UNIT-1-Phoenix-AZ-85020/7788076_zpid/,2,976
354900.0, 1327 W Wahalla Ln Phoenix AZ 85027 ,2,85027,33.667171,-112.088014,https://www.zillow.com/homedetails/1327-W-Wahalla-Ln-Phoenix-AZ-85027/7972007_zpid/,2,1091
243100.0, 2929 W Yorkshire Dr UNIT 1041 Phoenix AZ 85027 ,2,85027,33.66252,-112.122142,https://www.zillow.com/homedetails/2929-W-Yorkshire-Dr-UNIT-1041-Phoenix-AZ-85027/71630374_zpid/,2,1019
474900.0, 13007 N 28th St Phoenix AZ 85032 ,3,85032,33.60464,-112.02163,https://www.zillow.com/homedetails/13007-N-28th-St-Phoenix-AZ-85032/7814645_zpid/,2,1681
254900.0, 15818 N 25th St UNIT 112 Phoenix AZ 85032 ,3,85032,33.62987,-112.028788,https://www.zillow.com/homedetails/15818-N-25th-St-UNIT-112-Phoenix-AZ-85032/71621392_zpid/,3,1275
254900.0, 3848 N 3rd Ave UNIT 1030 Phoenix AZ 85013 ,2,85013,33.493887,-112.08062,https://www.zillow.com/homedetails/3848-N-3rd-Ave-UNIT-1030-Phoenix-AZ-85013/68957035_zpid/,2,989
384900.0, 522 E Marco Polo Rd Phoenix AZ 85024 ,3,85024,33.666465,-112.066867,https://www.zillow.com/homedetails/522-E-Marco-Polo-Rd-Phoenix-AZ-85024/7967927_zpid/,3,1348
533100.0, 16653 S 24th Pl Phoenix AZ 85048 ,4,85048,33.294945,-112.031217,https://www.zillow.com/homedetails/16653-S-24th-Pl-Phoenix-AZ-85048/8257016_zpid/,3,2197
364900.0, 2418 E Chipman Rd Phoenix AZ 85040 ,3,85040,33.402602,-112.029109,https://www.zillow.com/homedetails/2418-E-Chipman-Rd-Phoenix-AZ-85040/7547644_zpid/,2,1338
322100.0, 10411 N 9th St UNIT 1 Phoenix AZ 85020 ,2,85020,33.580618,-112.060193,https://www.zillow.com/homedetails/10411-N-9th-St-UNIT-1-Phoenix-AZ-85020/7788076_zpid/,2,976
354900.0, 1327 W Wahalla Ln Phoenix AZ 85027 ,2,85027,33.667171,-112.088014,https://www.zillow.com/homedetails/1327-W-Wahalla-Ln-Phoenix-AZ-85027/7972007_zpid/,2,1091
243100.0, 2929 W Yorkshire Dr UNIT 1041 Phoenix AZ 85027 ,2,85027,33.66252,-112.122142,https://www.zillow.com/homedetails/2929-W-Yorkshire-Dr-UNIT-1041-Phoenix-AZ-85027/71630374_zpid/,2,1019
474900.0, 13007 N 28th St Phoenix AZ 85032 ,3,85032,33.60464,-112.02163,https://www.zillow.com/homedetails/13007-N-28th-St-Phoenix-AZ-85032/7814645_zpid/,2,1681
